id,publicar,destaque,nome,categoria,descricao,indicacao,duracao,preco,capa,fotos,link_agendamento
toxina-botulinica,sim,sim,Toxina botulínica (Botox),Facial,"Suaviza as linhas de expressão da testa, entre as sobrancelhas e ao redor dos olhos, deixando a aparência mais leve e descansada — sem perder a naturalidade. O efeito é temporário: a renovação periódica, em geral cerca de 3 aplicações ao ano (aproximadamente a cada 4 meses, conforme avaliação), ajuda a manter o resultado de forma gradual.","Linhas de expressão na testa, entre as sobrancelhas e pés de galinha; prevenção do aprofundamento das marcas.",,,assets/img/tratamentos/botox.webp,,
laser-lavieen,sim,sim,Laser Lavieen,Facial,"Laser de thulium que atua em diferentes necessidades da pele, promovendo clareamento, rejuvenescimento, estímulo de colágeno e melhora da textura e da uniformidade. Pode ser associado ao Blend Químico em um protocolo personalizado.","Melasma, manchas solares, poros dilatados, linhas finas e textura irregular.",,,assets/img/tratamentos/laser.webp,,
bioestimulador-de-colageno,sim,sim,Bioestimulador de colágeno,Facial,"Estimula o próprio organismo a produzir colágeno, melhorando a sustentação, a firmeza e a textura da pele de forma gradual e natural. A produção de colágeno continua nos meses seguintes à aplicação.","Flacidez, perda de firmeza, textura irregular e marcas de acne.",,,assets/img/tratamentos/bioestimulador.webp,,
limpeza-de-pele-premium,sim,sim,Limpeza de pele Premium,Facial,"Vai muito além de remover cravos: desobstrui os poros, controla a oleosidade e devolve o viço da pele. Etapas: higienização, esfoliação, vapor de ozônio, extração manual, alta frequência, tônico, máscara de revitalização e finalização com blend de peeling.","Todos os tipos de pele — cravos, oleosidade, poros obstruídos e pele sem viço.",,,assets/img/tratamentos/limpeza.webp,,
fios-de-pdo,sim,nao,Fios de PDO,Facial,"Podem fazer parte de um plano individualizado para estimular a produção de colágeno e melhorar a firmeza e a sustentação da pele, com resultado progressivo e natural.",Flacidez — inclusive a que fica mais evidente após a perda de peso.,,,assets/img/tratamentos/pdo.webp,,
preenchimento-labial,sim,nao,Preenchimento labial,Facial,"Realce dos lábios com ácido hialurônico, com formato definido na avaliação para harmonizar com o seu rosto. O procedimento é feito com anestesia tópica para mais conforto, e você recebe as orientações de cuidados para o pós.","Mais contorno, definição e volume nos lábios, na medida certa.",,,assets/img/tratamentos/labios.webp,,
microagulhamento,sim,nao,Microagulhamento,Facial,"Microperfurações controladas estimulam a produção de colágeno para uma pele mais firme, uniforme e saudável. Também é realizado em protocolo com PDRN.","Cicatrizes de acne, linhas finas, poros dilatados e textura irregular.",,,assets/img/tratamentos/microagulhamento.webp,,
blend-quimico,sim,nao,Blend químico (peeling),Facial,"Peeling que promove renovação celular, ajuda a atenuar manchas e melasma e melhora a textura, a luminosidade e a oleosidade da pele. O inverno é a época mais indicada, pela menor exposição ao sol.","Manchas, melasma, poros dilatados, linhas finas e textura irregular.",,,assets/img/tratamentos/peeling.webp,,
master-combo,sim,sim,Master Combo,Corporal,"Protocolo exclusivo do Espaço + Você que combina massagem modeladora, eletroterapia, tecnologias e ativos personalizados para cuidar do contorno corporal. Tudo começa com uma avaliação para identificar o que o seu corpo realmente precisa.","Gordura localizada, retenção de líquidos, celulite e flacidez.",,,assets/img/tratamentos/mastercombo.webp,,
criolipolise-360,sim,sim,Criolipólise 360°,Corporal,"Tratamento estético não invasivo para gordura localizada, com resfriamento controlado das células de gordura, que o próprio corpo elimina naturalmente nas semanas seguintes. Os resultados são progressivos.","Gordura localizada resistente à dieta e ao treino — abdômen, flancos e braços.",,,assets/img/fotos/dra-christianne-criolipolise.webp,,
harmonizacao-de-gluteos,sim,sim,Harmonização de glúteos,Corporal,"Procedimento personalizado para melhorar formato, simetria, contorno e firmeza da região, de acordo com a avaliação de cada paciente. O plano pode combinar ácido hialurônico, bioestimulador de colágeno e tecnologias como o ultrassom.","Flacidez, falta de volume, celulite ou formato que incomoda.",,,assets/img/tratamentos/gluteos.webp,,
lipo-enzimatica,sim,nao,Lipo enzimática (mesolipoterapia),Corporal,"Aplicação de ativos lipolíticos diretamente na camada de gordura localizada, ajudando a reduzir medidas em áreas resistentes. Tratamento minimamente invasivo.","Abdômen, flancos, “gordurinha” do sutiã, culotes e papada.",,,assets/img/tratamentos/lipo.webp,,
radiofrequencia,sim,nao,Radiofrequência,Corporal,"Tecnologia que trabalha a flacidez e a qualidade da pele do rosto e do corpo. Também é indicada no pós-operatório, para o tratamento de fibroses.",Flacidez facial e corporal; fibroses no pós-operatório.,,,assets/img/tratamentos/radiofrequencia.webp,,
manta-termica,sim,nao,Manta térmica,Corporal,"Sessão relaxante que ajuda a combater a retenção de líquidos e a sensação de inchaço. Pode ser potencializada no protocolo Master Drenante+, com massagem modeladora, corrente russa e ativos.",Retenção de líquidos e sensação de corpo pesado.,,,assets/img/tratamentos/drenagem.webp,,
tratamento-de-celulite,sim,nao,Tratamento de celulite (ultrassom),Corporal,"O ultrassom atua na celulite estimulando colágeno, ajudando na quebra da gordura localizada e melhorando a circulação da região.","Celulite, firmeza da pele e gordura localizada.",,,,,
revitalizacao-facial,sim,nao,Revitalização facial,Facial,,,,,,,
preenchedores,sim,nao,Preenchedores,Facial,,,,,,,
skinbooster,sim,nao,Skinbooster,Facial,,,,,,,
tratamento-para-melasma,sim,nao,Tratamento para melasma,Facial,,,,,,,
peeling-de-diamante,sim,nao,Peeling de diamante,Facial,,,,,,,
peeling-para-olheiras,sim,nao,Peeling para olheiras,Facial,,,,,,,
peeling-rose-de-mer,sim,nao,Peeling Rose de Mer,Facial,,,,,,,
ultraformer,sim,nao,Ultraformer,Facial,,,,,,,
remocao-de-tatuagem-e-micropigmentacao,sim,nao,Remoção de tatuagem e micropigmentação,Facial,,,,,,,
hidragloss,sim,nao,Hidragloss,Facial,,,,,,,
emagrecimento-mesoterapia,sim,nao,Emagrecimento (mesoterapia),Corporal,,,,,,,
carboxiterapia,sim,nao,Carboxiterapia,Corporal,,,,,,,
ozonioterapia,sim,nao,Ozonioterapia,Corporal,,,,,,,
gluteo-maxx,sim,nao,Glúteo Maxx,Corporal,,,,,,,
criofrequencia,sim,nao,Criofrequência,Corporal,,,,,,,
endermoterapia,sim,nao,Endermoterapia,Corporal,,,,,,,
pump-up,sim,nao,Pump Up,Corporal,,,,,,,
corrente-russa-aussie,sim,nao,Corrente russa / Aussie,Corporal,,,,,,,
bioestimulador-corporal,sim,nao,Bioestimulador corporal,Corporal,,,,,,,
tratamento-capilar,sim,nao,Tratamento capilar,Corporal,,,,,,,
